support,confidence,average_rules
0.006,0.55,112.33333333333333
0.006,0.5800000000000001,107.66666666666667
0.006,0.61,103.0
0.006,0.64,100.66666666666667
0.006,0.67,100.66666666666667
0.006,0.7,100.66666666666667
0.006,0.73,98.33333333333333
0.006,0.76,98.33333333333333
0.006,0.79,98.33333333333333
0.006,0.8200000000000001,98.33333333333333
0.006,0.85,98.33333333333333
0.006,0.88,98.33333333333333
0.006,0.9099999999999999,98.33333333333333
0.006,0.94,98.33333333333333
0.006,0.97,98.33333333333333
0.006,1.0,65.66666666666667
0.008933333333333335,0.55,75.66666666666667
0.008933333333333335,0.5800000000000001,71.0
0.008933333333333335,0.61,68.66666666666667
0.008933333333333335,0.64,68.66666666666667
0.008933333333333335,0.67,68.66666666666667
0.008933333333333335,0.7,68.66666666666667
0.008933333333333335,0.73,66.33333333333333
0.008933333333333335,0.76,66.33333333333333
0.008933333333333335,0.79,66.33333333333333
0.008933333333333335,0.8200000000000001,66.33333333333333
0.008933333333333335,0.85,66.33333333333333
0.008933333333333335,0.88,66.33333333333333
0.008933333333333335,0.9099999999999999,66.33333333333333
0.008933333333333335,0.94,66.33333333333333
0.008933333333333335,0.97,66.33333333333333
0.008933333333333335,1.0,44.333333333333336
0.011866666666666668,0.55,59.333333333333336
0.011866666666666668,0.5800000000000001,54.666666666666664
0.011866666666666668,0.61,54.666666666666664
0.011866666666666668,0.64,54.666666666666664
0.011866666666666668,0.67,54.666666666666664
0.011866666666666668,0.7,54.666666666666664
0.011866666666666668,0.73,52.333333333333336
0.011866666666666668,0.76,52.333333333333336
0.011866666666666668,0.79,52.333333333333336
0.011866666666666668,0.8200000000000001,52.333333333333336
0.011866666666666668,0.85,52.333333333333336
0.011866666666666668,0.88,52.333333333333336
0.011866666666666668,0.9099999999999999,52.333333333333336
0.011866666666666668,0.94,52.333333333333336
0.011866666666666668,0.97,52.333333333333336
0.011866666666666668,1.0,35.0
0.014800000000000002,0.55,53.333333333333336
0.014800000000000002,0.5800000000000001,48.666666666666664
0.014800000000000002,0.61,48.666666666666664
0.014800000000000002,0.64,48.666666666666664
0.014800000000000002,0.67,48.666666666666664
0.014800000000000002,0.7,48.666666666666664
0.014800000000000002,0.73,46.333333333333336
0.014800000000000002,0.76,46.333333333333336
0.014800000000000002,0.79,46.333333333333336
0.014800000000000002,0.8200000000000001,46.333333333333336
0.014800000000000002,0.85,46.333333333333336
0.014800000000000002,0.88,46.333333333333336
0.014800000000000002,0.9099999999999999,46.333333333333336
0.014800000000000002,0.94,46.333333333333336
0.014800000000000002,0.97,46.333333333333336
0.014800000000000002,1.0,31.0
0.017733333333333337,0.55,46.333333333333336
0.017733333333333337,0.5800000000000001,41.666666666666664
0.017733333333333337,0.61,41.666666666666664
0.017733333333333337,0.64,41.666666666666664
0.017733333333333337,0.67,41.666666666666664
0.017733333333333337,0.7,41.666666666666664
0.017733333333333337,0.73,39.333333333333336
0.017733333333333337,0.76,39.333333333333336
0.017733333333333337,0.79,39.333333333333336
0.017733333333333337,0.8200000000000001,39.333333333333336
0.017733333333333337,0.85,39.333333333333336
0.017733333333333337,0.88,39.333333333333336
0.017733333333333337,0.9099999999999999,39.333333333333336
0.017733333333333337,0.94,39.333333333333336
0.017733333333333337,0.97,39.333333333333336
0.017733333333333337,1.0,26.333333333333332
0.020666666666666667,0.55,38.333333333333336
0.020666666666666667,0.5800000000000001,33.666666666666664
0.020666666666666667,0.61,33.666666666666664
0.020666666666666667,0.64,33.666666666666664
0.020666666666666667,0.67,33.666666666666664
0.020666666666666667,0.7,33.666666666666664
0.020666666666666667,0.73,31.333333333333332
0.020666666666666667,0.76,31.333333333333332
0.020666666666666667,0.79,31.333333333333332
0.020666666666666667,0.8200000000000001,31.333333333333332
0.020666666666666667,0.85,31.333333333333332
0.020666666666666667,0.88,31.333333333333332
0.020666666666666667,0.9099999999999999,31.333333333333332
0.020666666666666667,0.94,31.333333333333332
0.020666666666666667,0.97,31.333333333333332
0.020666666666666667,1.0,21.0
0.023600000000000003,0.55,34.0
0.023600000000000003,0.5800000000000001,29.333333333333332
0.023600000000000003,0.61,29.333333333333332
0.023600000000000003,0.64,29.333333333333332
0.023600000000000003,0.67,29.333333333333332
0.023600000000000003,0.7,29.333333333333332
0.023600000000000003,0.73,29.333333333333332
0.023600000000000003,0.76,29.333333333333332
0.023600000000000003,0.79,29.333333333333332
0.023600000000000003,0.8200000000000001,29.333333333333332
0.023600000000000003,0.85,29.333333333333332
0.023600000000000003,0.88,29.333333333333332
0.023600000000000003,0.9099999999999999,29.333333333333332
0.023600000000000003,0.94,29.333333333333332
0.023600000000000003,0.97,29.333333333333332
0.023600000000000003,1.0,19.666666666666668
0.02653333333333334,0.55,33.0
0.02653333333333334,0.5800000000000001,28.333333333333332
0.02653333333333334,0.61,28.333333333333332
0.02653333333333334,0.64,28.333333333333332
0.02653333333333334,0.67,28.333333333333332
0.02653333333333334,0.7,28.333333333333332
0.02653333333333334,0.73,28.333333333333332
0.02653333333333334,0.76,28.333333333333332
0.02653333333333334,0.79,28.333333333333332
0.02653333333333334,0.8200000000000001,28.333333333333332
0.02653333333333334,0.85,28.333333333333332
0.02653333333333334,0.88,28.333333333333332
0.02653333333333334,0.9099999999999999,28.333333333333332
0.02653333333333334,0.94,28.333333333333332
0.02653333333333334,0.97,28.333333333333332
0.02653333333333334,1.0,19.0
0.02946666666666667,0.55,28.0
0.02946666666666667,0.5800000000000001,23.333333333333332
0.02946666666666667,0.61,23.333333333333332
0.02946666666666667,0.64,23.333333333333332
0.02946666666666667,0.67,23.333333333333332
0.02946666666666667,0.7,23.333333333333332
0.02946666666666667,0.73,23.333333333333332
0.02946666666666667,0.76,23.333333333333332
0.02946666666666667,0.79,23.333333333333332
0.02946666666666667,0.8200000000000001,23.333333333333332
0.02946666666666667,0.85,23.333333333333332
0.02946666666666667,0.88,23.333333333333332
0.02946666666666667,0.9099999999999999,23.333333333333332
0.02946666666666667,0.94,23.333333333333332
0.02946666666666667,0.97,23.333333333333332
0.02946666666666667,1.0,15.666666666666666
0.032400000000000005,0.55,28.0
0.032400000000000005,0.5800000000000001,23.333333333333332
0.032400000000000005,0.61,23.333333333333332
0.032400000000000005,0.64,23.333333333333332
0.032400000000000005,0.67,23.333333333333332
0.032400000000000005,0.7,23.333333333333332
0.032400000000000005,0.73,23.333333333333332
0.032400000000000005,0.76,23.333333333333332
0.032400000000000005,0.79,23.333333333333332
0.032400000000000005,0.8200000000000001,23.333333333333332
0.032400000000000005,0.85,23.333333333333332
0.032400000000000005,0.88,23.333333333333332
0.032400000000000005,0.9099999999999999,23.333333333333332
0.032400000000000005,0.94,23.333333333333332
0.032400000000000005,0.97,23.333333333333332
0.032400000000000005,1.0,15.666666666666666
0.035333333333333335,0.55,21.666666666666668
0.035333333333333335,0.5800000000000001,19.333333333333332
0.035333333333333335,0.61,19.333333333333332
0.035333333333333335,0.64,19.333333333333332
0.035333333333333335,0.67,19.333333333333332
0.035333333333333335,0.7,19.333333333333332
0.035333333333333335,0.73,19.333333333333332
0.035333333333333335,0.76,19.333333333333332
0.035333333333333335,0.79,19.333333333333332
0.035333333333333335,0.8200000000000001,19.333333333333332
0.035333333333333335,0.85,19.333333333333332
0.035333333333333335,0.88,19.333333333333332
0.035333333333333335,0.9099999999999999,19.333333333333332
0.035333333333333335,0.94,19.333333333333332
0.035333333333333335,0.97,19.333333333333332
0.035333333333333335,1.0,13.0
0.03826666666666667,0.55,18.666666666666668
0.03826666666666667,0.5800000000000001,16.333333333333332
0.03826666666666667,0.61,16.333333333333332
0.03826666666666667,0.64,16.333333333333332
0.03826666666666667,0.67,16.333333333333332
0.03826666666666667,0.7,16.333333333333332
0.03826666666666667,0.73,16.333333333333332
0.03826666666666667,0.76,16.333333333333332
0.03826666666666667,0.79,16.333333333333332
0.03826666666666667,0.8200000000000001,16.333333333333332
0.03826666666666667,0.85,16.333333333333332
0.03826666666666667,0.88,16.333333333333332
0.03826666666666667,0.9099999999999999,16.333333333333332
0.03826666666666667,0.94,16.333333333333332
0.03826666666666667,0.97,16.333333333333332
0.03826666666666667,1.0,11.0
0.04120000000000001,0.55,15.666666666666666
0.04120000000000001,0.5800000000000001,13.333333333333334
0.04120000000000001,0.61,13.333333333333334
0.04120000000000001,0.64,13.333333333333334
0.04120000000000001,0.67,13.333333333333334
0.04120000000000001,0.7,13.333333333333334
0.04120000000000001,0.73,13.333333333333334
0.04120000000000001,0.76,13.333333333333334
0.04120000000000001,0.79,13.333333333333334
0.04120000000000001,0.8200000000000001,13.333333333333334
0.04120000000000001,0.85,13.333333333333334
0.04120000000000001,0.88,13.333333333333334
0.04120000000000001,0.9099999999999999,13.333333333333334
0.04120000000000001,0.94,13.333333333333334
0.04120000000000001,0.97,13.333333333333334
0.04120000000000001,1.0,9.0
0.04413333333333334,0.55,15.666666666666666
0.04413333333333334,0.5800000000000001,13.333333333333334
0.04413333333333334,0.61,13.333333333333334
0.04413333333333334,0.64,13.333333333333334
0.04413333333333334,0.67,13.333333333333334
0.04413333333333334,0.7,13.333333333333334
0.04413333333333334,0.73,13.333333333333334
0.04413333333333334,0.76,13.333333333333334
0.04413333333333334,0.79,13.333333333333334
0.04413333333333334,0.8200000000000001,13.333333333333334
0.04413333333333334,0.85,13.333333333333334
0.04413333333333334,0.88,13.333333333333334
0.04413333333333334,0.9099999999999999,13.333333333333334
0.04413333333333334,0.94,13.333333333333334
0.04413333333333334,0.97,13.333333333333334
0.04413333333333334,1.0,9.0
0.04706666666666667,0.55,15.666666666666666
0.04706666666666667,0.5800000000000001,13.333333333333334
0.04706666666666667,0.61,13.333333333333334
0.04706666666666667,0.64,13.333333333333334
0.04706666666666667,0.67,13.333333333333334
0.04706666666666667,0.7,13.333333333333334
0.04706666666666667,0.73,13.333333333333334
0.04706666666666667,0.76,13.333333333333334
0.04706666666666667,0.79,13.333333333333334
0.04706666666666667,0.8200000000000001,13.333333333333334
0.04706666666666667,0.85,13.333333333333334
0.04706666666666667,0.88,13.333333333333334
0.04706666666666667,0.9099999999999999,13.333333333333334
0.04706666666666667,0.94,13.333333333333334
0.04706666666666667,0.97,13.333333333333334
0.04706666666666667,1.0,9.0
0.05,0.55,11.333333333333334
0.05,0.5800000000000001,11.333333333333334
0.05,0.61,11.333333333333334
0.05,0.64,11.333333333333334
0.05,0.67,11.333333333333334
0.05,0.7,11.333333333333334
0.05,0.73,11.333333333333334
0.05,0.76,11.333333333333334
0.05,0.79,11.333333333333334
0.05,0.8200000000000001,11.333333333333334
0.05,0.85,11.333333333333334
0.05,0.88,11.333333333333334
0.05,0.9099999999999999,11.333333333333334
0.05,0.94,11.333333333333334
0.05,0.97,11.333333333333334
0.05,1.0,7.666666666666667
